code,component,stock_name,industry,EV,sign
600383,-0.1133339659231048,金地集团,房地产开发,EV_6,negative
600048,-0.10638586556773585,保利发展,房地产开发,EV_6,negative
601155,-0.1028122313591731,新城控股,房地产开发,EV_6,negative
600376,-0.09297120282865759,首开股份,房地产开发,EV_6,negative
600743,-0.08901690550011059,华远控股,房地产开发,EV_6,negative
