code,component,stock_name,industry,EV,sign
600789,-0.1230069189947914,鲁抗医药,化学制药,EV_7,negative
600056,-0.12023979294500908,中国医药,医药商业,EV_7,negative
600572,-0.11316399621236783,康恩贝,中药,EV_7,negative
600535,-0.11022141775898255,天士力,中药,EV_7,negative
601607,-0.10975023793623356,Error,Error,EV_7,negative
