code,component,stock_name,industry,EV,sign
600383,-0.13741180161609798,Error,Error,EV_8,negative
600376,-0.13391237512630266,Error,Error,EV_8,negative
601669,-0.13028504791598863,Error,Error,EV_8,negative
600170,-0.12653036788875882,Error,Error,EV_8,negative
601992,-0.12628636423583917,Error,Error,EV_8,negative
