code,component,stock_name,industry,EV,sign
601398,-0.1078811838864415,Error,Error,EV_9,negative
601939,-0.10303076425727625,Error,Error,EV_9,negative
601288,-0.09892583589965909,Error,Error,EV_9,negative
601818,-0.0967045199493172,Error,Error,EV_9,negative
601988,-0.09651729667682188,Error,Error,EV_9,negative
