code,component,stock_name,industry,EV,sign
601688,-0.10462058039150803,华泰证券,证券,EV_5,negative
600498,-0.10427548149886078,烽火通信,通信设备,EV_5,negative
601198,-0.09961409620835607,东兴证券,证券,EV_5,negative
601628,-0.09947604590621233,中国人寿,保险,EV_5,negative
601788,-0.09742896748150365,Error,Error,EV_5,negative
