code,component,stock_name,industry,EV,sign
600594,0.09680600546522468,益佰制药,中药,EV_5,positive
600613,0.08970096011334477,神奇制药,化学制药,EV_5,positive
600329,0.08712929221252784,达仁堂,中药,EV_5,positive
600285,0.08681710961082356,羚锐制药,中药,EV_5,positive
600993,0.08579122374708859,马应龙,中药,EV_5,positive
