code,component,stock_name,industry,EV,sign
600011,0.12983949115769805,华能国际,电力行业,EV_7,positive
600644,0.12520427034881207,乐山电力,电力行业,EV_7,positive
601991,0.12426658355774188,大唐发电,电力行业,EV_7,positive
600505,0.12111210995610007,西昌电力,电力行业,EV_7,positive
600236,0.12001115933953774,桂冠电力,电力行业,EV_7,positive
