code,component,stock_name,industry,EV,sign
600023,0.14445631713176746,浙能电力,电力行业,EV_6,positive
600886,0.13439351233530128,国投电力,电力行业,EV_6,positive
600642,0.1330536286481645,申能股份,电力行业,EV_6,positive
600011,0.13152779486458915,华能国际,电力行业,EV_6,positive
601985,0.1239169000231321,中国核电,电力行业,EV_6,positive
