code,component,stock_name,industry,EV,sign
600536,0.1051676485859177,Error,Error,EV_9,positive
601098,0.10222461495498451,Error,Error,EV_9,positive
603000,0.0972177246278375,Error,Error,EV_9,positive
600977,0.0931346508551956,Error,Error,EV_9,positive
600125,0.09106804525000366,Error,Error,EV_9,positive
