code,component,stock_name,industry,EV,sign
601939,0.11530412987104262,Error,Error,EV_8,positive
601398,0.11153043627732583,Error,Error,EV_8,positive
601288,0.10758877035138927,Error,Error,EV_8,positive
601988,0.10585942400825628,Error,Error,EV_8,positive
601225,0.10155235006165216,Error,Error,EV_8,positive
